author_orcid,publication_count,author_fullName,label
0000-0002-6829-8144,78,Xu HE,Xu HE (0000-0002-6829-8144)
0000-0001-7896-6217,73,Baker D,Baker D (0000-0001-7896-6217)
0000-0001-5995-6494,67,Knapp S,Knapp S (0000-0001-5995-6494)
0000-0002-3869-615X,67,Gao GF,Gao GF (0000-0002-3869-615X)
0000-0001-7153-3769,54,Ward AB,Ward AB (0000-0001-7153-3769)
0000-0003-4262-0323,52,Supuran CT,Supuran CT (0000-0003-4262-0323)
0000-0002-6469-2419,49,Wilson IA,Wilson IA (0000-0002-6469-2419)
0000-0003-1813-7008,46,Nureki O,Nureki O (0000-0003-1813-7008)
0000-0002-2020-7522,46,Rossjohn J,Rossjohn J (0000-0002-2020-7522)
0000-0003-3991-542X,46,McLellan JS,McLellan JS (0000-0003-3991-542X)
